party,canton,year,n,share
BDP,AG,2011,15,0.06666666666666667
BDP,AG,2015,32,0.34375
BDP,AG,2019,48,0.375
CVP,AG,1971,14,0.2857142857142857
CVP,AG,1975,14,0.21428571428571427
CVP,AG,1979,14,0.14285714285714285
CVP,AG,1983,14,0.14285714285714285
CVP,AG,1987,14,0.21428571428571427
CVP,AG,1991,14,0.2857142857142857
CVP,AG,1995,34,0.4411764705882353
CVP,AG,1999,30,0.3333333333333333
CVP,AG,2003,43,0.27906976744186046
CVP,AG,2007,28,0.32142857142857145
CVP,AG,2011,30,0.36666666666666664
CVP,AG,2015,23,0.391304347826087
CVP,AG,2019,127,0.33070866141732286
FDP,AG,1971,14,0.21428571428571427
FDP,AG,1975,14,0.21428571428571427
FDP,AG,1979,14,0.14285714285714285
FDP,AG,1983,14,0.21428571428571427
FDP,AG,1987,14,0.2857142857142857
FDP,AG,1991,14,0.35714285714285715
FDP,AG,1995,22,0.36363636363636365
FDP,AG,1999,15,0.3333333333333333
FDP,AG,2003,27,0.37037037037037035
FDP,AG,2007,29,0.3448275862068966
FDP,AG,2011,30,0.3
FDP,AG,2015,32,0.3125
FDP,AG,2019,32,0.34375
GLP,AG,2011,30,0.3
GLP,AG,2015,32,0.40625
GLP,AG,2019,46,0.30434782608695654
GPS,AG,1991,14,0.5
GPS,AG,1995,15,0.5333333333333333
GPS,AG,1999,30,0.5
GPS,AG,2003,15,0.5333333333333333
GPS,AG,2007,30,0.5333333333333333
GPS,AG,2011,30,0.7333333333333333
GPS,AG,2015,32,0.5
GPS,AG,2019,32,0.5
SP,AG,1971,14,0.21428571428571427
SP,AG,1975,14,0.21428571428571427
SP,AG,1979,14,0.14285714285714285
SP,AG,1983,14,0.14285714285714285
SP,AG,1987,14,0.21428571428571427
SP,AG,1991,14,0.5
SP,AG,1995,15,0.5333333333333333
SP,AG,1999,30,0.5666666666666667
SP,AG,2003,15,0.4666666666666667
SP,AG,2007,45,0.4888888888888889
SP,AG,2011,35,0.4
SP,AG,2015,32,0.5625
SP,AG,2019,74,0.527027027027027
SVP,AG,1971,14,0.14285714285714285
SVP,AG,1975,14,0.14285714285714285
SVP,AG,1979,14,0.07142857142857142
SVP,AG,1983,14,0.14285714285714285
SVP,AG,1987,14,0.14285714285714285
SVP,AG,1991,20,0.2
SVP,AG,1995,24,0.20833333333333334
SVP,AG,1999,30,0.2
SVP,AG,2003,30,0.23333333333333334
SVP,AG,2007,30,0.16666666666666666
SVP,AG,2011,38,0.18421052631578946
SVP,AG,2015,32,0.15625
SVP,AG,2019,32,0.25
CVP,AR,1975,2,0
CVP,AR,1983,1,0
CVP,AR,1991,1,0
CVP,AR,1995,1,0
FDP,AR,1971,2,0
FDP,AR,1975,2,0
FDP,AR,1979,1,0
FDP,AR,1983,1,0
FDP,AR,1987,1,0
FDP,AR,1991,1,0
FDP,AR,1995,2,0.5
FDP,AR,1999,1,1
SP,AR,1971,1,0
SP,AR,1975,1,0
SP,AR,1979,1,0
SP,AR,1983,1,0
SP,AR,1995,3,0.3333333333333333
SP,AR,1999,1,0
SVP,AR,1995,2,0
SVP,AR,1999,1,0
SVP,AR,2019,1,0
CVP,AI,2019,2,0.5
SP,AI,2019,1,0
SVP,AI,2019,1,0
BDP,BL,2011,7,0.14285714285714285
BDP,BL,2015,7,0.5714285714285714
BDP,BL,2019,7,0.2857142857142857
CVP,BL,1971,7,0.14285714285714285
CVP,BL,1975,7,0.14285714285714285
CVP,BL,1979,7,0.14285714285714285
CVP,BL,1983,7,0
CVP,BL,1987,7,0.14285714285714285
CVP,BL,1991,7,0.14285714285714285
CVP,BL,1995,7,0.14285714285714285
CVP,BL,1999,7,0.2857142857142857
CVP,BL,2003,7,0.42857142857142855
CVP,BL,2007,12,0.3333333333333333
CVP,BL,2011,14,0.42857142857142855
CVP,BL,2015,14,0.42857142857142855
CVP,BL,2019,21,0.47619047619047616
FDP,BL,1971,7,0.14285714285714285
FDP,BL,1975,7,0.2857142857142857
FDP,BL,1979,7,0.14285714285714285
FDP,BL,1983,7,0.2857142857142857
FDP,BL,1987,7,0.2857142857142857
FDP,BL,1991,7,0.42857142857142855
FDP,BL,1995,14,0.2857142857142857
FDP,BL,1999,7,0.5714285714285714
FDP,BL,2003,14,0.35714285714285715
FDP,BL,2007,14,0.2857142857142857
FDP,BL,2011,13,0.15384615384615385
FDP,BL,2015,14,0.21428571428571427
FDP,BL,2019,14,0.35714285714285715
GLP,BL,2011,7,0.14285714285714285
GLP,BL,2015,7,0.14285714285714285
GLP,BL,2019,14,0.35714285714285715
GPS,BL,1983,6,0.3333333333333333
GPS,BL,1987,7,0.42857142857142855
GPS,BL,1991,7,0.5714285714285714
GPS,BL,1995,7,0.5714285714285714
GPS,BL,1999,7,0.7142857142857143
GPS,BL,2003,14,0.6428571428571429
GPS,BL,2007,14,0.42857142857142855
GPS,BL,2011,14,0.42857142857142855
GPS,BL,2015,21,0.3333333333333333
GPS,BL,2019,21,0.5238095238095238
SP,BL,1971,7,0.14285714285714285
SP,BL,1975,7,0.14285714285714285
SP,BL,1979,7,0.14285714285714285
SP,BL,1983,7,0.42857142857142855
SP,BL,1987,7,0.42857142857142855
SP,BL,1991,7,0.5714285714285714
SP,BL,1995,7,0.5714285714285714
SP,BL,1999,7,0.5714285714285714
SP,BL,2003,7,0.42857142857142855
SP,BL,2007,14,0.42857142857142855
SP,BL,2011,14,0.42857142857142855
SP,BL,2015,14,0.5714285714285714
SP,BL,2019,21,0.6190476190476191
SVP,BL,1971,7,0.14285714285714285
SVP,BL,1975,7,0.14285714285714285
SVP,BL,1979,7,0.2857142857142857
SVP,BL,1983,7,0
SVP,BL,1987,7,0.14285714285714285
SVP,BL,1991,7,0.14285714285714285
SVP,BL,1995,7,0.2857142857142857
SVP,BL,1999,7,0.42857142857142855
SVP,BL,2003,14,0.07142857142857142
SVP,BL,2007,14,0.14285714285714285
SVP,BL,2011,7,0.14285714285714285
SVP,BL,2015,14,0.2857142857142857
SVP,BL,2019,14,0.35714285714285715
BDP,BS,2011,4,0.25
BDP,BS,2015,4,0
BDP,BS,2019,4,0
CVP,BS,1971,7,0.2857142857142857
CVP,BS,1975,7,0.2857142857142857
CVP,BS,1979,7,0.2857142857142857
CVP,BS,1983,6,0.16666666666666666
CVP,BS,1987,6,0.16666666666666666
CVP,BS,1991,6,0.3333333333333333
CVP,BS,1995,6,0.3333333333333333
CVP,BS,1999,6,0.5
CVP,BS,2003,5,0.4
CVP,BS,2007,10,0.3
CVP,BS,2011,15,0.4666666666666667
CVP,BS,2015,15,0.6
CVP,BS,2019,15,0.4
FDP,BS,1971,14,0.14285714285714285
FDP,BS,1975,14,0.14285714285714285
FDP,BS,1979,14,0.14285714285714285
FDP,BS,1983,12,0.3333333333333333
FDP,BS,1987,12,0.25
FDP,BS,1991,12,0.4166666666666667
FDP,BS,1995,12,0.3333333333333333
FDP,BS,1999,18,0.3888888888888889
FDP,BS,2003,15,0.26666666666666666
FDP,BS,2007,25,0.44
FDP,BS,2011,25,0.16
FDP,BS,2015,35,0.4
FDP,BS,2019,30,0.4666666666666667
GLP,BS,2011,15,0.4
GLP,BS,2015,15,0.3333333333333333
GLP,BS,2019,10,0.4
GPS,BS,1987,6,0.5
GPS,BS,1991,6,0.5
GPS,BS,1995,6,0.5
GPS,BS,1999,6,0.6666666666666666
GPS,BS,2003,10,0.8
GPS,BS,2007,10,0.6
GPS,BS,2011,10,0.8
GPS,BS,2015,10,0.8
GPS,BS,2019,15,0.7333333333333333
SP,BS,1971,7,0.14285714285714285
SP,BS,1975,7,0.2857142857142857
SP,BS,1979,7,0.42857142857142855
SP,BS,1983,6,0.3333333333333333
SP,BS,1987,6,0.5
SP,BS,1991,6,0.3333333333333333
SP,BS,1995,6,0.5
SP,BS,1999,6,0.5
SP,BS,2003,10,0.3
SP,BS,2007,10,0.4
SP,BS,2011,10,0.5
SP,BS,2015,10,0.5
SP,BS,2019,15,0.4666666666666667
SVP,BS,1991,3,0
SVP,BS,1999,6,0.3333333333333333
SVP,BS,2003,8,0.25
SVP,BS,2007,10,0.2
SVP,BS,2011,15,0.13333333333333333
SVP,BS,2015,18,0.3333333333333333
SVP,BS,2019,20,0.5
BDP,BE,2011,26,0.3076923076923077
BDP,BE,2015,50,0.4
BDP,BE,2019,48,0.3333333333333333
CVP,BE,1971,28,0.14285714285714285
CVP,BE,1975,32,0.125
CVP,BE,1979,16,0.125
CVP,BE,1983,14,0.21428571428571427
CVP,BE,1987,28,0.2857142857142857
CVP,BE,1991,57,0.3157894736842105
CVP,BE,1995,52,0.38461538461538464
CVP,BE,1999,27,0.3333333333333333
CVP,BE,2003,26,0.19230769230769232
CVP,BE,2007,52,0.4230769230769231
CVP,BE,2011,47,0.40425531914893614
CVP,BE,2015,50,0.32
CVP,BE,2019,48,0.3333333333333333
FDP,BE,1971,112,0.1875
FDP,BE,1975,92,0.11956521739130435
FDP,BE,1979,29,0.13793103448275862
FDP,BE,1983,29,0.13793103448275862
FDP,BE,1987,29,0.1724137931034483
FDP,BE,1991,58,0.2413793103448276
FDP,BE,1995,94,0.23404255319148937
FDP,BE,1999,81,0.4691358024691358
FDP,BE,2003,95,0.5052631578947369
FDP,BE,2007,78,0.2948717948717949
FDP,BE,2011,60,0.23333333333333334
FDP,BE,2015,50,0.4
FDP,BE,2019,68,0.36764705882352944
GLP,BE,2011,26,0.38461538461538464
GLP,BE,2015,71,0.36619718309859156
GLP,BE,2019,72,0.5
GPS,BE,1987,58,0.43103448275862066
GPS,BE,1991,58,0.5
GPS,BE,1995,58,0.4827586206896552
GPS,BE,1999,25,0.64
GPS,BE,2003,24,0.7083333333333334
GPS,BE,2007,65,0.5076923076923077
GPS,BE,2011,64,0.484375
GPS,BE,2015,50,0.56
GPS,BE,2019,48,0.6041666666666666
SP,BE,1971,62,0.0967741935483871
SP,BE,1975,61,0.18032786885245902
SP,BE,1979,29,0.13793103448275862
SP,BE,1983,29,0.20689655172413793
SP,BE,1987,87,0.47126436781609193
SP,BE,1991,57,0.49122807017543857
SP,BE,1995,26,0.5
SP,BE,1999,26,0.5
SP,BE,2003,52,0.5
SP,BE,2007,52,0.5
SP,BE,2011,78,0.5
SP,BE,2015,88,0.48863636363636365
SP,BE,2019,82,0.5
SVP,BE,1971,140,0.15714285714285714
SVP,BE,1975,106,0.1320754716981132
SVP,BE,1979,72,0.06944444444444445
SVP,BE,1983,71,0.08450704225352113
SVP,BE,1987,53,0.1509433962264151
SVP,BE,1991,49,0.1836734693877551
SVP,BE,1995,67,0.19402985074626866
SVP,BE,1999,67,0.2537313432835821
SVP,BE,2003,65,0.24615384615384617
SVP,BE,2007,64,0.28125
SVP,BE,2011,26,0.19230769230769232
SVP,BE,2015,46,0.21739130434782608
SVP,BE,2019,48,0.2916666666666667
BDP,FR,2011,4,0
BDP,FR,2015,10,0.2
BDP,FR,2019,3,0
CVP,FR,1971,6,0.16666666666666666
CVP,FR,1975,6,0.16666666666666666
CVP,FR,1979,6,0.16666666666666666
CVP,FR,1983,6,0.16666666666666666
CVP,FR,1987,6,0.16666666666666666
CVP,FR,1991,12,0.16666666666666666
CVP,FR,1995,16,0.375
CVP,FR,1999,13,0.46153846153846156
CVP,FR,2003,7,0.2857142857142857
CVP,FR,2007,7,0.2857142857142857
CVP,FR,2011,7,0.14285714285714285
CVP,FR,2015,35,0.34285714285714286
CVP,FR,2019,35,0.42857142857142855
FDP,FR,1971,6,0.16666666666666666
FDP,FR,1975,6,0.16666666666666666
FDP,FR,1979,6,0.16666666666666666
FDP,FR,1983,6,0.16666666666666666
FDP,FR,1987,6,0.16666666666666666
FDP,FR,1991,6,0.16666666666666666
FDP,FR,1995,6,0.3333333333333333
FDP,FR,1999,6,0.3333333333333333
FDP,FR,2003,7,0.5714285714285714
FDP,FR,2007,7,0.2857142857142857
FDP,FR,2011,14,0.2857142857142857
FDP,FR,2015,14,0.21428571428571427
FDP,FR,2019,14,0.42857142857142855
GLP,FR,2011,7,0.14285714285714285
GLP,FR,2015,11,0.2727272727272727
GLP,FR,2019,14,0.5714285714285714
GPS,FR,1987,5,0.2
GPS,FR,1995,6,0.5
GPS,FR,2003,7,0.5714285714285714
GPS,FR,2007,13,0.6153846153846154
GPS,FR,2011,13,0.38461538461538464
GPS,FR,2015,14,0.5714285714285714
GPS,FR,2019,7,0.5714285714285714
SP,FR,1971,6,0.16666666666666666
SP,FR,1975,6,0.16666666666666666
SP,FR,1979,6,0.16666666666666666
SP,FR,1983,6,0.16666666666666666
SP,FR,1987,6,0.16666666666666666
SP,FR,1991,10,0.5
SP,FR,1995,11,0.45454545454545453
SP,FR,1999,12,0.5
SP,FR,2003,12,0.5
SP,FR,2007,14,0.42857142857142855
SP,FR,2011,13,0.3076923076923077
SP,FR,2015,14,0.42857142857142855
SP,FR,2019,32,0.46875
SVP,FR,1971,6,0.16666666666666666
SVP,FR,1975,6,0.16666666666666666
SVP,FR,1979,6,0.16666666666666666
SVP,FR,1983,6,0.16666666666666666
SVP,FR,1987,6,0
SVP,FR,1991,6,0.16666666666666666
SVP,FR,1995,12,0.3333333333333333
SVP,FR,1999,6,0.3333333333333333
SVP,FR,2003,7,0.14285714285714285
SVP,FR,2007,7,0.14285714285714285
SVP,FR,2011,7,0.14285714285714285
SVP,FR,2015,14,0.14285714285714285
SVP,FR,2019,14,0.14285714285714285
BDP,GE,2015,9,0.3333333333333333
BDP,GE,2019,2,0
CVP,GE,1971,5,0.2
CVP,GE,1975,7,0.14285714285714285
CVP,GE,1979,7,0.2857142857142857
CVP,GE,1983,5,0.4
CVP,GE,1987,5,0.2
CVP,GE,1991,10,0.3
CVP,GE,1995,10,0.4
CVP,GE,1999,10,0.4
CVP,GE,2003,17,0.35294117647058826
CVP,GE,2007,8,0.375
CVP,GE,2011,14,0.5
CVP,GE,2015,11,0.45454545454545453
CVP,GE,2019,12,0.5833333333333334
FDP,GE,1971,13,0.15384615384615385
FDP,GE,1975,14,0.14285714285714285
FDP,GE,1979,10,0.2
FDP,GE,1983,10,0.1
FDP,GE,1987,10,0.2
FDP,GE,1991,15,0.4
FDP,GE,1995,18,0.3888888888888889
FDP,GE,1999,18,0.2222222222222222
FDP,GE,2003,10,0.4
FDP,GE,2007,15,0.3333333333333333
FDP,GE,2011,15,0.26666666666666666
FDP,GE,2015,12,0.16666666666666666
FDP,GE,2019,12,0.25
GLP,GE,2011,11,0.45454545454545453
GLP,GE,2015,9,0.3333333333333333
GLP,GE,2019,10,0.5
GPS,GE,1983,8,0.25
GPS,GE,1987,7,0.42857142857142855
GPS,GE,1991,8,0.5
GPS,GE,1995,5,0.6
GPS,GE,1999,7,0.42857142857142855
GPS,GE,2003,7,0.42857142857142855
GPS,GE,2007,8,0.5
GPS,GE,2011,24,0.375
GPS,GE,2015,29,0.4827586206896552
GPS,GE,2019,27,0.5185185185185185
SP,GE,1971,5,0.2
SP,GE,1975,5,0.2
SP,GE,1979,8,0.125
SP,GE,1983,5,0.4
SP,GE,1987,5,0.2
SP,GE,1991,13,0.46153846153846156
SP,GE,1995,14,0.35714285714285715
SP,GE,1999,14,0.42857142857142855
SP,GE,2003,7,0.5714285714285714
SP,GE,2007,9,0.4444444444444444
SP,GE,2011,17,0.47058823529411764
SP,GE,2015,23,0.391304347826087
SP,GE,2019,16,0.4375
SVP,GE,1991,10,0.1
SVP,GE,1999,6,0
SVP,GE,2003,6,0
SVP,GE,2007,15,0.2
SVP,GE,2011,25,0.28
SVP,GE,2015,23,0.17391304347826086
SVP,GE,2019,19,0.21052631578947367
BDP,GL,2019,1,0
SP,GL,2019,1,1
BDP,GR,2011,10,0.2
BDP,GR,2015,9,0.2222222222222222
BDP,GR,2019,10,0.3
CVP,GR,1971,5,0.2
CVP,GR,1975,5,0.2
CVP,GR,1979,5,0.2
CVP,GR,1983,5,0.2
CVP,GR,1987,5,0.2
CVP,GR,1991,5,0.2
CVP,GR,1995,10,0.4
CVP,GR,1999,15,0.26666666666666666
CVP,GR,2003,10,0.1
CVP,GR,2007,15,0.4
CVP,GR,2011,10,0.3
CVP,GR,2015,10,0.4
CVP,GR,2019,15,0.4666666666666667
FDP,GR,1971,5,0.2
FDP,GR,1975,5,0.2
FDP,GR,1979,5,0.2
FDP,GR,1983,5,0.2
FDP,GR,1987,5,0.2
FDP,GR,1991,5,0.2
FDP,GR,1995,5,0.4
FDP,GR,1999,10,0.2
FDP,GR,2003,10,0.2
FDP,GR,2007,15,0.2
FDP,GR,2011,10,0.2
FDP,GR,2015,15,0.4
FDP,GR,2019,20,0.25
GLP,GR,2011,4,0.25
GLP,GR,2015,5,0.4
GLP,GR,2019,10,0.3
GPS,GR,1995,5,0.4
GPS,GR,2011,4,0.25
GPS,GR,2019,5,0.6
SP,GR,1971,5,0
SP,GR,1975,5,0.2
SP,GR,1979,5,0.2
SP,GR,1983,5,0.2
SP,GR,1987,5,0.4
SP,GR,1991,5,0.4
SP,GR,1995,5,0.4
SP,GR,1999,10,0.4
SP,GR,2003,10,0.5
SP,GR,2007,15,0.4
SP,GR,2011,10,0.4
SP,GR,2015,10,0.5
SP,GR,2019,15,0.5333333333333333
SVP,GR,1971,5,0.2
SVP,GR,1975,5,0.2
SVP,GR,1979,10,0.1
SVP,GR,1983,5,0.2
SVP,GR,1987,5,0.2
SVP,GR,1991,5,0.2
SVP,GR,1995,10,0.4
SVP,GR,1999,10,0.4
SVP,GR,2003,10,0.3
SVP,GR,2007,10,0.4
SVP,GR,2011,20,0.2
SVP,GR,2015,20,0.2
SVP,GR,2019,25,0.24
CVP,JU,1979,2,0
CVP,JU,1983,2,0
CVP,JU,1987,4,0.25
CVP,JU,1991,8,0.5
CVP,JU,1995,4,0.25
CVP,JU,1999,4,0.5
CVP,JU,2003,4,0
CVP,JU,2007,2,0
CVP,JU,2011,4,0.25
CVP,JU,2015,4,0.75
CVP,JU,2019,6,0.5
FDP,JU,1979,6,0
FDP,JU,1983,6,0
FDP,JU,1987,2,0
FDP,JU,1991,2,0
FDP,JU,1995,2,0
FDP,JU,1999,10,0.2
FDP,JU,2003,4,0
FDP,JU,2007,4,0
FDP,JU,2011,2,0
FDP,JU,2015,4,0
FDP,JU,2019,6,0.5
GPS,JU,2011,2,0.5
GPS,JU,2015,4,0.5
GPS,JU,2019,4,0.5
SP,JU,1983,6,0.3333333333333333
SP,JU,1987,2,0
SP,JU,1991,2,0
SP,JU,1995,2,0
SP,JU,1999,4,0
SP,JU,2003,4,0.5
SP,JU,2007,4,0.25
SP,JU,2011,4,0.5
SP,JU,2015,4,0.25
SP,JU,2019,4,0.25
SVP,JU,1983,2,0
SVP,JU,1999,2,0
SVP,JU,2003,2,0
SVP,JU,2007,4,0.25
SVP,JU,2011,4,0.25
SVP,JU,2015,2,0.5
SVP,JU,2019,6,0.16666666666666666
BDP,LU,2011,3,0
BDP,LU,2015,10,0.4
CVP,LU,1971,9,0.1111111111111111
CVP,LU,1975,15,0.06666666666666667
CVP,LU,1979,9,0.2222222222222222
CVP,LU,1983,14,0.2857142857142857
CVP,LU,1987,15,0.3333333333333333
CVP,LU,1991,22,0.2727272727272727
CVP,LU,1995,10,0.3
CVP,LU,1999,19,0.3157894736842105
CVP,LU,2003,16,0.375
CVP,LU,2007,22,0.3181818181818182
CVP,LU,2011,22,0.22727272727272727
CVP,LU,2015,21,0.3333333333333333
CVP,LU,2019,57,0.38596491228070173
FDP,LU,1971,9,0.1111111111111111
FDP,LU,1975,9,0.1111111111111111
FDP,LU,1979,9,0.1111111111111111
FDP,LU,1983,9,0.1111111111111111
FDP,LU,1987,9,0.1111111111111111
FDP,LU,1991,9,0.3333333333333333
FDP,LU,1995,10,0.3
FDP,LU,1999,19,0.21052631578947367
FDP,LU,2003,22,0.18181818181818182
FDP,LU,2007,29,0.1724137931034483
FDP,LU,2011,16,0.3125
FDP,LU,2015,19,0.3157894736842105
FDP,LU,2019,26,0.5769230769230769
GLP,LU,2011,10,0.1
GLP,LU,2015,20,0.3
GLP,LU,2019,23,0.43478260869565216
GPS,LU,1991,9,0.4444444444444444
GPS,LU,1995,15,0.5333333333333333
GPS,LU,1999,10,0.5
GPS,LU,2003,19,0.47368421052631576
GPS,LU,2007,19,0.42105263157894735
GPS,LU,2011,18,0.5
GPS,LU,2015,20,0.55
GPS,LU,2019,26,0.5384615384615384
SP,LU,1971,9,0.2222222222222222
SP,LU,1975,9,0.2222222222222222
SP,LU,1979,9,0.3333333333333333
SP,LU,1983,9,0.3333333333333333
SP,LU,1987,9,0.5555555555555556
SP,LU,1991,9,0.5555555555555556
SP,LU,1995,10,0.5
SP,LU,1999,10,0.5
SP,LU,2003,10,0.5
SP,LU,2007,27,0.5925925925925926
SP,LU,2011,26,0.5
SP,LU,2015,28,0.4642857142857143
SP,LU,2019,49,0.5306122448979592
SVP,LU,1995,10,0.1
SVP,LU,1999,10,0
SVP,LU,2003,14,0
SVP,LU,2007,23,0.08695652173913043
SVP,LU,2011,18,0.16666666666666666
SVP,LU,2015,29,0.13793103448275862
SVP,LU,2019,45,0.3111111111111111
BDP,NE,2011,5,0
BDP,NE,2015,4,0
CVP,NE,2007,5,0.4
CVP,NE,2011,5,0.2
CVP,NE,2015,4,0
CVP,NE,2019,3,0.3333333333333333
FDP,NE,1971,10,0.2
FDP,NE,1975,10,0.2
FDP,NE,1979,10,0.1
FDP,NE,1983,10,0.1
FDP,NE,1987,10,0.1
FDP,NE,1991,10,0.1
FDP,NE,1995,10,0.3
FDP,NE,1999,10,0.2
FDP,NE,2003,25,0.36
FDP,NE,2007,15,0.4
FDP,NE,2011,10,0.3
FDP,NE,2015,8,0.25
FDP,NE,2019,8,0.25
GLP,NE,2015,4,0.25
GLP,NE,2019,8,0.5
GPS,NE,1983,4,0.25
GPS,NE,1987,4,0.25
GPS,NE,1991,5,0.2
GPS,NE,1995,5,0.6
GPS,NE,1999,5,0.4
GPS,NE,2003,5,0.4
GPS,NE,2007,5,0.4
GPS,NE,2011,5,0.6
GPS,NE,2015,4,0.5
GPS,NE,2019,4,0.5
SP,NE,1971,5,0.2
SP,NE,1975,5,0.2
SP,NE,1979,5,0.2
SP,NE,1983,5,0.2
SP,NE,1987,5,0.2
SP,NE,1991,5,0.4
SP,NE,1995,5,0.6
SP,NE,1999,10,0.5
SP,NE,2003,10,0.5
SP,NE,2007,10,0.5
SP,NE,2011,10,0.5
SP,NE,2015,8,0.5
SP,NE,2019,8,0.375
SVP,NE,2003,5,0.2
SVP,NE,2007,5,0.2
SVP,NE,2011,5,0
SVP,NE,2015,8,0
SVP,NE,2019,7,0.2857142857142857
SVP,NW,2019,1,0
CVP,OW,2019,1,0
FDP,OW,2019,1,0
SP,OW,2019,1,1
SVP,OW,2019,1,1
CVP,SH,1971,2,0.5
CVP,SH,1983,2,0
CVP,SH,2003,1,0
CVP,SH,2011,2,0.5
CVP,SH,2019,3,0
FDP,SH,1971,2,0
FDP,SH,1975,2,0
FDP,SH,1979,2,0
FDP,SH,1983,2,0
FDP,SH,1987,2,0
FDP,SH,1991,2,0
FDP,SH,1995,2,0.5
FDP,SH,1999,2,0.5
FDP,SH,2003,2,0
FDP,SH,2007,6,0.5
FDP,SH,2011,4,0
FDP,SH,2015,4,0
FDP,SH,2019,4,0.25
GLP,SH,2019,4,0
GPS,SH,2015,2,0.5
GPS,SH,2019,4,0.5
SP,SH,1971,2,0
SP,SH,1975,2,0
SP,SH,1979,2,0
SP,SH,1983,2,0
SP,SH,1987,2,0.5
SP,SH,1991,2,0.5
SP,SH,1995,2,0.5
SP,SH,1999,2,0
SP,SH,2003,2,0.5
SP,SH,2007,2,0.5
SP,SH,2011,6,0.5
SP,SH,2015,6,0.3333333333333333
SP,SH,2019,4,0.25
SVP,SH,1979,2,0
SVP,SH,1983,2,0
SVP,SH,1987,2,0
SVP,SH,1991,2,0.5
SVP,SH,1995,2,0.5
SVP,SH,1999,2,0.5
SVP,SH,2003,4,0
SVP,SH,2007,6,0
SVP,SH,2011,6,0
SVP,SH,2015,6,0
SVP,SH,2019,3,0
BDP,SZ,2011,4,0.25
CVP,SZ,1971,1,1
CVP,SZ,1975,3,0.3333333333333333
CVP,SZ,1979,3,0.3333333333333333
CVP,SZ,1983,3,0.3333333333333333
CVP,SZ,1987,3,0
CVP,SZ,1991,6,0.3333333333333333
CVP,SZ,1995,3,0.3333333333333333
CVP,SZ,1999,6,0.16666666666666666
CVP,SZ,2003,7,0.14285714285714285
CVP,SZ,2007,8,0.25
CVP,SZ,2011,8,0.375
CVP,SZ,2015,12,0.4166666666666667
CVP,SZ,2019,16,0.3125
FDP,SZ,1971,1,0
FDP,SZ,1975,3,0
FDP,SZ,1979,3,0
FDP,SZ,1983,3,0
FDP,SZ,1987,3,0
FDP,SZ,1991,3,0.3333333333333333
FDP,SZ,1995,3,0
FDP,SZ,1999,3,0.3333333333333333
FDP,SZ,2003,4,0.25
FDP,SZ,2007,12,0.5
FDP,SZ,2011,8,0.25
FDP,SZ,2015,12,0.4166666666666667
FDP,SZ,2019,20,0.35
GLP,SZ,2015,6,0.3333333333333333
GLP,SZ,2019,8,0.125
GPS,SZ,2007,4,0.25
GPS,SZ,2011,6,0.3333333333333333
GPS,SZ,2015,4,0.25
GPS,SZ,2019,4,0.5
SP,SZ,1971,1,0
SP,SZ,1975,1,0
SP,SZ,1979,3,0
SP,SZ,1983,1,0
SP,SZ,1987,3,0
SP,SZ,1991,3,0.3333333333333333
SP,SZ,1995,3,0.3333333333333333
SP,SZ,1999,3,0.3333333333333333
SP,SZ,2003,8,0.125
SP,SZ,2007,12,0.5
SP,SZ,2011,16,0.5
SP,SZ,2015,8,0.5
SP,SZ,2019,21,0.47619047619047616
SVP,SZ,1975,3,0
SVP,SZ,1983,3,0
SVP,SZ,1987,3,0
SVP,SZ,1991,3,0
SVP,SZ,1995,3,0
SVP,SZ,1999,6,0.16666666666666666
SVP,SZ,2003,8,0.125
SVP,SZ,2007,8,0.25
SVP,SZ,2011,14,0.14285714285714285
SVP,SZ,2015,8,0.125
SVP,SZ,2019,8,0
BDP,SO,2011,7,0.2857142857142857
BDP,SO,2015,12,0.3333333333333333
BDP,SO,2019,18,0.3333333333333333
CVP,SO,1971,7,0.14285714285714285
CVP,SO,1975,7,0.14285714285714285
CVP,SO,1979,7,0.14285714285714285
CVP,SO,1983,7,0.14285714285714285
CVP,SO,1987,11,0.09090909090909091
CVP,SO,1991,7,0.14285714285714285
CVP,SO,1995,7,0.42857142857142855
CVP,SO,1999,19,0.3157894736842105
CVP,SO,2003,14,0.14285714285714285
CVP,SO,2007,16,0.375
CVP,SO,2011,27,0.3333333333333333
CVP,SO,2015,27,0.37037037037037035
CVP,SO,2019,24,0.5416666666666666
FDP,SO,1971,7,0.14285714285714285
FDP,SO,1975,7,0.14285714285714285
FDP,SO,1979,7,0.2857142857142857
FDP,SO,1983,7,0.14285714285714285
FDP,SO,1987,14,0.5
FDP,SO,1991,14,0.5
FDP,SO,1995,7,0.5714285714285714
FDP,SO,1999,14,0.2857142857142857
FDP,SO,2003,21,0.2857142857142857
FDP,SO,2007,13,0.3076923076923077
FDP,SO,2011,19,0.15789473684210525
FDP,SO,2015,24,0.16666666666666666
FDP,SO,2019,24,0.125
GLP,SO,2011,7,0.2857142857142857
GLP,SO,2015,6,0.3333333333333333
GLP,SO,2019,18,0.2777777777777778
GPS,SO,1991,7,1
GPS,SO,1995,7,0.7142857142857143
GPS,SO,1999,7,0.5714285714285714
GPS,SO,2003,7,0.42857142857142855
GPS,SO,2007,14,0.42857142857142855
GPS,SO,2011,21,0.5238095238095238
GPS,SO,2015,12,0.4166666666666667
GPS,SO,2019,18,0.5555555555555556
SP,SO,1971,7,0.14285714285714285
SP,SO,1975,7,0.2857142857142857
SP,SO,1979,7,0.14285714285714285
SP,SO,1983,7,0.2857142857142857
SP,SO,1987,7,0.2857142857142857
SP,SO,1991,14,0.42857142857142855
SP,SO,1995,7,0.5714285714285714
SP,SO,1999,14,0.42857142857142855
SP,SO,2003,14,0.5
SP,SO,2007,14,0.2857142857142857
SP,SO,2011,21,0.47619047619047616
SP,SO,2015,30,0.36666666666666664
SP,SO,2019,30,0.6
SVP,SO,1995,7,0.14285714285714285
SVP,SO,1999,14,0.2857142857142857
SVP,SO,2003,12,0.16666666666666666
SVP,SO,2007,14,0.14285714285714285
SVP,SO,2011,18,0.16666666666666666
SVP,SO,2015,23,0.30434782608695654
SVP,SO,2019,24,0.20833333333333334
BDP,SG,2011,11,0.18181818181818182
BDP,SG,2015,18,0.2777777777777778
BDP,SG,2019,5,0
CVP,SG,1971,12,0.08333333333333333
CVP,SG,1975,12,0.08333333333333333
CVP,SG,1979,12,0.08333333333333333
CVP,SG,1983,12,0.08333333333333333
CVP,SG,1987,24,0.20833333333333334
CVP,SG,1991,32,0.3125
CVP,SG,1995,36,0.3888888888888889
CVP,SG,1999,24,0.2916666666666667
CVP,SG,2003,23,0.21739130434782608
CVP,SG,2007,24,0.3333333333333333
CVP,SG,2011,36,0.3055555555555556
CVP,SG,2015,24,0.20833333333333334
CVP,SG,2019,48,0.25
FDP,SG,1971,24,0.08333333333333333
FDP,SG,1975,12,0.08333333333333333
FDP,SG,1979,12,0.16666666666666666
FDP,SG,1983,12,0.16666666666666666
FDP,SG,1987,12,0.25
FDP,SG,1991,12,0.25
FDP,SG,1995,12,0.25
FDP,SG,1999,24,0.20833333333333334
FDP,SG,2003,18,0.16666666666666666
FDP,SG,2007,48,0.25
FDP,SG,2011,24,0.25
FDP,SG,2015,29,0.2413793103448276
FDP,SG,2019,42,0.47619047619047616
GLP,SG,2007,12,0.4166666666666667
GLP,SG,2011,24,0.375
GLP,SG,2015,24,0.375
GLP,SG,2019,24,0.3333333333333333
GPS,SG,1991,24,0.5
GPS,SG,1995,24,0.5
GPS,SG,1999,12,0.5
GPS,SG,2003,36,0.4444444444444444
GPS,SG,2007,36,0.5
GPS,SG,2011,24,0.5
GPS,SG,2015,24,0.4583333333333333
GPS,SG,2019,36,0.5277777777777778
SP,SG,1971,12,0.16666666666666666
SP,SG,1975,12,0.16666666666666666
SP,SG,1979,12,0.16666666666666666
SP,SG,1983,12,0.25
SP,SG,1987,12,0.3333333333333333
SP,SG,1991,12,0.4166666666666667
SP,SG,1995,24,0.5
SP,SG,1999,42,0.42857142857142855
SP,SG,2003,36,0.4444444444444444
SP,SG,2007,48,0.4166666666666667
SP,SG,2011,23,0.4782608695652174
SP,SG,2015,23,0.5217391304347826
SP,SG,2019,22,0.45454545454545453
SVP,SG,1983,6,0.16666666666666666
SVP,SG,1995,12,0.08333333333333333
SVP,SG,1999,12,0.25
SVP,SG,2003,12,0.3333333333333333
SVP,SG,2007,12,0.08333333333333333
SVP,SG,2011,12,0.16666666666666666
SVP,SG,2015,12,0.08333333333333333
SVP,SG,2019,48,0.14583333333333334
CVP,TI,1971,8,0.25
CVP,TI,1975,8,0
CVP,TI,1979,8,0.125
CVP,TI,1983,8,0.125
CVP,TI,1987,8,0
CVP,TI,1991,8,0.125
CVP,TI,1995,8,0.25
CVP,TI,1999,8,0.25
CVP,TI,2003,8,0.25
CVP,TI,2007,16,0.3125
CVP,TI,2011,8,0.125
CVP,TI,2015,29,0.20689655172413793
CVP,TI,2019,28,0.10714285714285714
FDP,TI,1971,8,0.125
FDP,TI,1975,8,0.125
FDP,TI,1979,8,0.125
FDP,TI,1983,8,0
FDP,TI,1987,8,0
FDP,TI,1991,8,0.125
FDP,TI,1995,8,0.125
FDP,TI,1999,8,0.25
FDP,TI,2003,8,0.375
FDP,TI,2007,14,0.14285714285714285
FDP,TI,2011,8,0.125
FDP,TI,2015,8,0.125
FDP,TI,2019,8,0.375
GLP,TI,2015,8,0.375
GLP,TI,2019,8,0.375
GPS,TI,1987,4,0.25
GPS,TI,1991,4,0.5
GPS,TI,1995,8,0.125
GPS,TI,1999,8,0.125
GPS,TI,2003,8,0.5
GPS,TI,2007,8,0.375
GPS,TI,2011,8,0.5
GPS,TI,2015,8,0.5
GPS,TI,2019,16,0.875
SP,TI,1971,7,0.14285714285714285
SP,TI,1975,7,0.14285714285714285
SP,TI,1979,8,0.125
SP,TI,1983,8,0.375
SP,TI,1987,8,0.25
SP,TI,1991,8,0.25
SP,TI,1995,16,0.1875
SP,TI,1999,8,0.25
SP,TI,2003,8,0.5
SP,TI,2007,8,0.5
SP,TI,2011,8,0.5
SP,TI,2015,17,0.47058823529411764
SP,TI,2019,20,0.5
SVP,TI,1971,8,0
SVP,TI,1979,8,0
SVP,TI,1983,8,0
SVP,TI,1987,8,0.125
SVP,TI,1991,4,0
SVP,TI,1995,4,0
SVP,TI,1999,8,0
SVP,TI,2003,8,0
SVP,TI,2007,8,0.125
SVP,TI,2011,8,0.125
SVP,TI,2015,16,0.25
SVP,TI,2019,24,0.125
BDP,TG,2011,6,0.16666666666666666
BDP,TG,2015,9,0.1111111111111111
BDP,TG,2019,15,0.13333333333333333
CVP,TG,1971,12,0.16666666666666666
CVP,TG,1975,6,0
CVP,TG,1979,6,0
CVP,TG,1983,6,0.16666666666666666
CVP,TG,1987,6,0.16666666666666666
CVP,TG,1991,12,0.3333333333333333
CVP,TG,1995,6,0.3333333333333333
CVP,TG,1999,6,0.3333333333333333
CVP,TG,2003,6,0.5
CVP,TG,2007,6,0.5
CVP,TG,2011,12,0.4166666666666667
CVP,TG,2015,12,0.5
CVP,TG,2019,18,0.5555555555555556
FDP,TG,1971,6,0.16666666666666666
FDP,TG,1975,6,0.16666666666666666
FDP,TG,1979,6,0.16666666666666666
FDP,TG,1983,6,0.16666666666666666
FDP,TG,1987,6,0.16666666666666666
FDP,TG,1991,6,0.3333333333333333
FDP,TG,1995,6,0.3333333333333333
FDP,TG,1999,12,0.3333333333333333
FDP,TG,2003,12,0.4166666666666667
FDP,TG,2007,12,0.3333333333333333
FDP,TG,2011,12,0.3333333333333333
FDP,TG,2015,18,0.4444444444444444
FDP,TG,2019,18,0.5
GLP,TG,2011,12,0.16666666666666666
GLP,TG,2015,18,0.2222222222222222
GLP,TG,2019,18,0.4444444444444444
GPS,TG,1983,6,0.3333333333333333
GPS,TG,1987,6,0.5
GPS,TG,1991,6,0.5
GPS,TG,1995,12,0.5
GPS,TG,1999,6,0.5
GPS,TG,2003,6,0.5
GPS,TG,2007,12,0.5
GPS,TG,2011,12,0.5833333333333334
GPS,TG,2015,18,0.4444444444444444
GPS,TG,2019,18,0.5
SP,TG,1971,6,0.16666666666666666
SP,TG,1975,6,0
SP,TG,1979,6,0.16666666666666666
SP,TG,1983,6,0.16666666666666666
SP,TG,1987,6,0.3333333333333333
SP,TG,1991,6,0.3333333333333333
SP,TG,1995,18,0.5555555555555556
SP,TG,1999,18,0.5
SP,TG,2003,6,0.6666666666666666
SP,TG,2007,6,0.6666666666666666
SP,TG,2011,12,0.4166666666666667
SP,TG,2015,12,0.4166666666666667
SP,TG,2019,18,0.6111111111111112
SVP,TG,1971,6,0.16666666666666666
SVP,TG,1975,6,0.16666666666666666
SVP,TG,1979,6,0.16666666666666666
SVP,TG,1983,6,0.16666666666666666
SVP,TG,1987,6,0.16666666666666666
SVP,TG,1991,6,0.16666666666666666
SVP,TG,1995,12,0.4166666666666667
SVP,TG,1999,12,0.3333333333333333
SVP,TG,2003,12,0.25
SVP,TG,2007,12,0.3333333333333333
SVP,TG,2011,12,0.25
SVP,TG,2015,12,0.25
SVP,TG,2019,12,0.25
CVP,UR,2019,1,0
FDP,UR,2019,1,0
SP,UR,2019,1,0
SVP,UR,2019,1,0
BDP,VD,2011,9,0.1111111111111111
BDP,VD,2015,18,0.3333333333333333
BDP,VD,2019,12,0.25
CVP,VD,1971,16,0.125
CVP,VD,1975,16,0.1875
CVP,VD,1979,16,0.125
CVP,VD,1983,17,0.17647058823529413
CVP,VD,1987,17,0.23529411764705882
CVP,VD,1991,17,0.17647058823529413
CVP,VD,1995,34,0.5
CVP,VD,1999,34,0.4411764705882353
CVP,VD,2003,18,0.2777777777777778
CVP,VD,2007,36,0.2777777777777778
CVP,VD,2011,30,0.26666666666666666
CVP,VD,2015,38,0.3684210526315789
CVP,VD,2019,29,0.20689655172413793
FDP,VD,1971,32,0.1875
FDP,VD,1975,32,0.15625
FDP,VD,1979,32,0.21875
FDP,VD,1983,34,0.20588235294117646
FDP,VD,1987,34,0.17647058823529413
FDP,VD,1991,34,0.20588235294117646
FDP,VD,1995,34,0.2647058823529412
FDP,VD,1999,45,0.24444444444444444
FDP,VD,2003,53,0.18867924528301888
FDP,VD,2007,43,0.2558139534883721
FDP,VD,2011,72,0.2361111111111111
FDP,VD,2015,54,0.2962962962962963
FDP,VD,2019,57,0.38596491228070173
GLP,VD,2011,18,0.3888888888888889
GLP,VD,2015,18,0.3888888888888889
GLP,VD,2019,38,0.42105263157894735
GPS,VD,1975,8,0.25
GPS,VD,1979,16,0.375
GPS,VD,1983,17,0.47058823529411764
GPS,VD,1987,17,0.47058823529411764
GPS,VD,1991,17,0.4117647058823529
GPS,VD,1995,17,0.5882352941176471
GPS,VD,1999,34,0.5
GPS,VD,2003,18,0.5
GPS,VD,2007,17,0.5294117647058824
GPS,VD,2011,36,0.5277777777777778
GPS,VD,2015,36,0.5277777777777778
GPS,VD,2019,38,0.5
SP,VD,1971,16,0.3125
SP,VD,1975,16,0.1875
SP,VD,1979,16,0.1875
SP,VD,1983,17,0.35294117647058826
SP,VD,1987,17,0.23529411764705882
SP,VD,1991,17,0.29411764705882354
SP,VD,1995,17,0.35294117647058826
SP,VD,1999,34,0.5
SP,VD,2003,18,0.5
SP,VD,2007,18,0.5
SP,VD,2011,33,0.48484848484848486
SP,VD,2015,36,0.5
SP,VD,2019,38,0.5263157894736842
SVP,VD,1971,16,0.125
SVP,VD,1975,16,0.1875
SVP,VD,1979,16,0.25
SVP,VD,1983,17,0.11764705882352941
SVP,VD,1987,17,0.23529411764705882
SVP,VD,1991,17,0.23529411764705882
SVP,VD,1995,17,0.23529411764705882
SVP,VD,1999,17,0.29411764705882354
SVP,VD,2003,18,0.16666666666666666
SVP,VD,2007,18,0.1111111111111111
SVP,VD,2011,36,0.1388888888888889
SVP,VD,2015,36,0.19444444444444445
SVP,VD,2019,38,0.21052631578947367
BDP,VS,2011,6,0.3333333333333333
CVP,VS,1971,16,0.0625
CVP,VS,1975,17,0.23529411764705882
CVP,VS,1979,19,0
CVP,VS,1983,17,0.058823529411764705
CVP,VS,1987,16,0.0625
CVP,VS,1991,20,0.15
CVP,VS,1995,23,0.2608695652173913
CVP,VS,1999,30,0.26666666666666666
CVP,VS,2003,29,0.2413793103448276
CVP,VS,2007,28,0.2857142857142857
CVP,VS,2011,31,0.16129032258064516
CVP,VS,2015,37,0.16216216216216217
CVP,VS,2019,33,0.30303030303030304
FDP,VS,1971,5,0.2
FDP,VS,1975,5,0
FDP,VS,1979,12,0.08333333333333333
FDP,VS,1983,11,0.09090909090909091
FDP,VS,1987,6,0.16666666666666666
FDP,VS,1991,12,0.25
FDP,VS,1995,16,0.25
FDP,VS,1999,16,0.3125
FDP,VS,2003,12,0.3333333333333333
FDP,VS,2007,25,0.2
FDP,VS,2011,29,0.3103448275862069
FDP,VS,2015,35,0.2571428571428571
FDP,VS,2019,41,0.4146341463414634
GLP,VS,2019,6,0.3333333333333333
GPS,VS,1987,2,0.5
GPS,VS,1991,2,0.5
GPS,VS,1995,1,0
GPS,VS,1999,3,0
GPS,VS,2003,3,0.3333333333333333
GPS,VS,2007,11,0.36363636363636365
GPS,VS,2011,26,0.3076923076923077
GPS,VS,2015,18,0.4444444444444444
GPS,VS,2019,32,0.625
SP,VS,1971,5,0.2
SP,VS,1975,5,0.2
SP,VS,1979,6,0.16666666666666666
SP,VS,1983,6,0.16666666666666666
SP,VS,1987,6,0.3333333333333333
SP,VS,1991,6,0.5
SP,VS,1995,12,0.5
SP,VS,1999,12,0.5
SP,VS,2003,17,0.23529411764705882
SP,VS,2007,22,0.5454545454545454
SP,VS,2011,20,0.35
SP,VS,2015,35,0.34285714285714286
SP,VS,2019,42,0.5476190476190477
SVP,VS,1999,11,0.18181818181818182
SVP,VS,2003,30,0.3
SVP,VS,2007,27,0.18518518518518517
SVP,VS,2011,28,0.17857142857142858
SVP,VS,2015,39,0.1282051282051282
SVP,VS,2019,52,0.15384615384615385
CVP,ZG,1971,1,0
CVP,ZG,1975,1,0
CVP,ZG,1979,2,0
CVP,ZG,1983,2,0
CVP,ZG,1987,1,0
CVP,ZG,1991,2,0
CVP,ZG,1995,3,0.3333333333333333
CVP,ZG,1999,3,0.3333333333333333
CVP,ZG,2003,6,0
CVP,ZG,2007,6,0.3333333333333333
CVP,ZG,2011,6,0.5
CVP,ZG,2015,6,0.5
CVP,ZG,2019,12,0.6666666666666666
FDP,ZG,1971,1,0
FDP,ZG,1975,1,0
FDP,ZG,1979,2,0
FDP,ZG,1983,1,0
FDP,ZG,1987,1,0
FDP,ZG,1991,2,0
FDP,ZG,1995,3,0.3333333333333333
FDP,ZG,1999,3,0.3333333333333333
FDP,ZG,2003,6,0.3333333333333333
FDP,ZG,2007,6,0.3333333333333333
FDP,ZG,2011,6,0.3333333333333333
FDP,ZG,2015,6,0.3333333333333333
FDP,ZG,2019,9,0.4444444444444444
GLP,ZG,2011,6,0.16666666666666666
GLP,ZG,2015,3,0.3333333333333333
GLP,ZG,2019,6,0.5
GPS,ZG,2007,6,0.5
GPS,ZG,2011,6,0.3333333333333333
GPS,ZG,2015,9,0.6666666666666666
GPS,ZG,2019,14,0.7142857142857143
SP,ZG,1975,1,0
SP,ZG,1979,1,0
SP,ZG,1983,2,0
SP,ZG,1987,2,0.5
SP,ZG,1991,1,0
SP,ZG,1995,3,0.3333333333333333
SP,ZG,1999,3,0.3333333333333333
SP,ZG,2003,3,0.3333333333333333
SP,ZG,2007,6,0.6666666666666666
SP,ZG,2011,2,1
SP,ZG,2015,15,0.5333333333333333
SP,ZG,2019,21,0.42857142857142855
SVP,ZG,1995,3,0
SVP,ZG,1999,3,0.3333333333333333
SVP,ZG,2003,6,0.16666666666666666
SVP,ZG,2007,9,0.3333333333333333
SVP,ZG,2011,6,0
SVP,ZG,2015,9,0
SVP,ZG,2019,9,0.2222222222222222
BDP,ZH,2011,34,0.2647058823529412
BDP,ZH,2015,35,0.34285714285714286
BDP,ZH,2019,35,0.42857142857142855
CVP,ZH,1971,35,0.14285714285714285
CVP,ZH,1975,70,0.12857142857142856
CVP,ZH,1979,70,0.08571428571428572
CVP,ZH,1983,35,0.17142857142857143
CVP,ZH,1987,35,0.2571428571428571
CVP,ZH,1991,57,0.3157894736842105
CVP,ZH,1995,68,0.3235294117647059
CVP,ZH,1999,68,0.36764705882352944
CVP,ZH,2003,68,0.35294117647058826
CVP,ZH,2007,58,0.4482758620689655
CVP,ZH,2011,68,0.4264705882352941
CVP,ZH,2015,70,0.35714285714285715
CVP,ZH,2019,140,0.5857142857142857
FDP,ZH,1971,70,0.17142857142857143
FDP,ZH,1975,70,0.14285714285714285
FDP,ZH,1979,70,0.2
FDP,ZH,1983,70,0.2
FDP,ZH,1987,105,0.21904761904761905
FDP,ZH,1991,70,0.2857142857142857
FDP,ZH,1995,98,0.29591836734693877
FDP,ZH,1999,90,0.23333333333333334
FDP,ZH,2003,102,0.3333333333333333
FDP,ZH,2007,72,0.2638888888888889
FDP,ZH,2011,68,0.2647058823529412
FDP,ZH,2015,70,0.34285714285714286
FDP,ZH,2019,70,0.3
GLP,ZH,2007,34,0.47058823529411764
GLP,ZH,2011,64,0.328125
GLP,ZH,2015,105,0.29523809523809524
GLP,ZH,2019,140,0.42142857142857143
GPS,ZH,1979,12,0.08333333333333333
GPS,ZH,1983,35,0.2857142857142857
GPS,ZH,1987,70,0.4714285714285714
GPS,ZH,1991,70,0.5142857142857142
GPS,ZH,1995,65,0.47692307692307695
GPS,ZH,1999,34,0.5
GPS,ZH,2003,102,0.4411764705882353
GPS,ZH,2007,152,0.46710526315789475
GPS,ZH,2011,68,0.4411764705882353
GPS,ZH,2015,86,0.5116279069767442
GPS,ZH,2019,89,0.5168539325842697
SP,ZH,1971,70,0.12857142857142856
SP,ZH,1975,70,0.2
SP,ZH,1979,70,0.24285714285714285
SP,ZH,1983,70,0.24285714285714285
SP,ZH,1987,70,0.38571428571428573
SP,ZH,1991,70,0.5
SP,ZH,1995,34,0.5588235294117647
SP,ZH,1999,102,0.4803921568627451
SP,ZH,2003,101,0.5445544554455446
SP,ZH,2007,66,0.5151515151515151
SP,ZH,2011,75,0.48
SP,ZH,2015,69,0.4927536231884058
SP,ZH,2019,69,0.4782608695652174
SVP,ZH,1971,70,0.11428571428571428
SVP,ZH,1975,35,0.08571428571428572
SVP,ZH,1979,70,0.18571428571428572
SVP,ZH,1983,70,0.1
SVP,ZH,1987,82,0.15853658536585366
SVP,ZH,1991,105,0.1619047619047619
SVP,ZH,1995,102,0.19607843137254902
SVP,ZH,1999,102,0.19607843137254902
SVP,ZH,2003,112,0.16964285714285715
SVP,ZH,2007,108,0.21296296296296297
SVP,ZH,2011,85,0.23529411764705882
SVP,ZH,2015,66,0.21212121212121213
SVP,ZH,2019,103,0.20388349514563106
